{
  "params": {
    "S0": 100.0,
    "K": 100.0,
    "r": 0.02,
    "sigma": 0.2,
    "T": 1.0,
    "steps": 252,
    "n_paths": 20000,
    "call": true
  },
  "black_scholes": 8.916037278572539,
  "monte_carlo": {
    "mc_price": 8.75348481387835,
    "se": 0.09696010496593614,
    "ci_low": 8.563443008145114,
    "ci_high": 8.943526619611585,
    "elapsed_s": 1.3767131670001618,
    "n_paths": 20000,
    "steps": 252,
    "call": true
  }
}